,cluster_0_membership,cluster_1_membership,cluster_2_membership,cluster_3_membership,cluster_4_membership,cluster_5_membership
2023-01-01,63.12765384555337,6.800174995910674,12.873801185638037,8.883894254139664,2.3219033256215083,5.9925723931367445
2023-01-02,27.536533722156868,6.298555588515427,49.790705312531756,7.744953451567247,2.874029232087175,5.755222693141526
2023-01-03,21.559018110894637,8.55352001619091,25.729243719399246,31.198110588580168,4.875027000007609,8.085080564927436
2023-01-04,23.419594225996963,18.638980297257042,14.810390621827047,14.977781888424149,10.322091161785215,17.83116180470958
2023-01-05,16.868630944782524,12.611819068125152,9.292659136822541,41.70331093263956,7.3018361088949835,12.221743808735251
2023-01-06,14.707958248957508,9.6726673094173,11.586909935340058,48.244005730525195,6.405129454383187,9.383329321376745
2023-01-07,13.888441771109857,17.5475271704712,7.9169973951499495,28.83367376381632,13.996708700032856,17.816651199419812
2023-01-08,12.096349363500025,3.7726973994799704,72.79477471058185,5.792269185497983,2.030846608799378,3.5130627321407903
2023-01-09,24.658200798814896,5.760331325778025,54.391361708843576,7.241471041372219,2.674956245987204,5.273678879204065
2023-01-10,42.67777913120836,13.247897014292533,15.181381319324247,12.290864562606641,4.7625690049182205,11.83950896765001
2023-01-11,12.935554655307758,3.079279061027295,75.15447448775694,4.49081951374898,1.5045948742592437,2.83527740789979
2023-01-12,37.32607528530506,10.631895542078604,25.623905041149207,12.0669978615879,4.630587984443188,9.720538285436023
2023-01-13,16.751274751812435,4.390165635723435,62.614573664756456,9.930678145939426,2.244446041592383,4.068861760175868
2023-01-14,32.98684559546958,4.863711881362262,48.133962004914444,7.5188771440818165,2.0859884262295725,4.410614947942327
2023-01-15,17.12852347388764,5.344497157346899,58.233967979444465,11.39218325173266,2.908189380789026,4.992638756799297
2023-01-16,11.938069453033329,3.57651195039221,72.8481071767872,6.3911488459099095,1.9166089429295656,3.3295536309477987
2023-01-17,8.829191652598546,2.025991984071241,82.54061277972954,3.730133669085869,1.0047364956631208,1.8693334188516957
2023-01-18,12.14886342606053,2.3439898672028856,77.88809549851898,4.357816950555987,1.1100415752758919,2.151192682385705
2023-01-19,17.351034264956184,21.73478879533138,7.860002915232274,20.68825228800007,11.098859376118584,21.26706236036152
2023-01-20,13.233394495201988,14.73927424713583,7.599124384029183,38.63225013940862,10.989976617095046,14.805980117129314
2023-01-21,13.208479823891652,19.214091273854507,7.661493558108959,22.6140849420114,17.503794497871915,19.79805590426156
2023-01-22,50.38449011800894,7.234467991949682,23.10410866989808,9.960015180984874,2.8209157668029183,6.496002272355506
2023-01-23,45.0522457690068,6.161418017760431,24.28524366541442,16.403941889421183,2.524231811795296,5.572918846601889
2023-01-24,13.865879469108311,11.768877905252909,10.483792897839853,43.030420151965735,9.196070023881925,11.654959551951277
2023-01-25,14.561657087234368,13.518535531255555,12.506244351648457,33.378232985367546,12.507457211509399,13.527872832984663
2023-01-26,14.429696451717103,12.576864942358974,12.106806688006374,37.72747885334666,10.6621253933139,12.497027671257003
2023-01-27,19.178316233525038,9.448458344180981,18.5348853923823,38.328844244273164,5.530948466091035,8.978547319547477
2023-01-28,5.663008866337539,1.2280645801636876,89.46163225847755,1.94316697816981,0.5800102028580247,1.1241171139933794
2023-01-29,17.102370533820174,9.73342180776966,14.874341581733564,43.03609324942613,5.939750699022358,9.314022128228114
2023-01-30,35.61724416758024,6.977235231551281,38.39185571881571,9.939250295770867,2.825309380547013,6.2491052057348755
2023-01-31,61.75958711088627,8.306826726118514,12.230559957532595,8.010115063538295,2.540266447984,7.152644693940326
2023-02-01,77.93014174643601,3.8327400155077442,8.980444775311451,4.702189203237964,1.2298725165683457,3.324611742938478
2023-02-02,27.81395188786746,4.214660009097317,56.4838842625059,5.95726265698866,1.7440176592544467,3.786223524286219
2023-02-03,51.597193960172575,13.155717024751207,7.734745748364456,13.16009481042332,3.2883934645256025,11.06385499176286
2023-02-04,32.72988757304137,7.364986634758619,29.91698646480915,20.03545734714723,3.243554570336206,6.709127409907456
2023-02-05,46.62359013725261,10.372543474906923,12.920251885050424,17.094363344614518,3.7031166122943673,9.286134545881161
2023-02-06,29.487261466935106,4.531702806016302,51.96030412646424,8.007136373778593,1.9192668422879013,4.094328384517847
2023-02-07,11.282579055158147,19.0714805517333,4.748107540247307,36.39770617329695,9.464975542519012,19.035151137045283
2023-02-08,12.961360034117078,9.712030840139937,8.218743538877769,54.28851622718931,5.525848199868182,9.293501159807729
2023-02-09,10.380509502795116,13.731141904250826,4.0543194135712275,53.034386411644554,5.652748661676066,13.146894106062213
2023-02-10,22.44383699729797,25.527189471241673,5.803619617739535,18.802140684524172,5.6511513773414945,21.772061851855145
2023-02-11,7.589577904705906,9.587603413735954,3.309313847319047,65.45334564701866,4.719845076366338,9.340314110854086
2023-02-12,11.403266566050565,20.17471279413323,5.196026246624698,30.468671518093306,12.189198534839335,20.56812434025888
2023-02-13,10.28027914645087,18.322590926471495,4.869587626436981,35.492093858507715,12.209436346136096,18.82601209599684
2023-02-14,10.443677730239735,19.31909409368852,5.101016702613091,30.752452244957695,14.317826315025439,20.065932913475525
2023-02-15,11.019698273363646,19.676249398317374,4.604142241090456,35.56884177444405,9.497592082369545,19.63347623041491
2023-02-16,19.210941636103605,29.073824123476417,5.63602603046457,14.24307610078078,6.604208505961131,25.231923603213502
2023-02-17,44.60420304156742,7.482192067259419,12.899522172171048,25.592403278903763,2.7400402781662345,6.681639161932108
2023-02-18,11.92171107084076,21.360044558576675,6.675953008018832,16.925150666667115,20.757605064395396,22.359535631501227
2023-02-19,9.745789396638518,10.982876459934726,4.8059819537371276,58.052898679381,5.794435185877826,10.618018324430789
2023-02-20,10.74049089199853,20.86510088594145,5.6806989275594795,20.63019280720733,20.02240258604357,22.061113901249648
2023-02-21,14.29520533239111,30.126701945956746,4.810402972491604,14.988789922612941,7.992321256274493,27.786578570273097
2023-02-22,39.102058426089364,11.050750772776631,24.63000090217806,10.677707630370998,4.53520387131971,10.004278397265256
2023-02-23,57.210128541040525,7.341480655476445,13.305064625747729,13.292993095131886,2.436506458389854,6.413826624213567
2023-02-24,26.04114266348204,23.95481975577609,9.283747037021236,12.059139459889154,7.357585615172922,21.303565468658565
2023-02-25,12.435655604674983,11.147679680654372,4.969483622637784,56.35288775366673,4.6362392373897405,10.458054100976398
2023-02-26,21.079389827187004,20.90785656247181,6.411873981553576,27.744760139529472,5.618234616406279,18.237884872851843
2023-02-27,12.227993659925378,23.444308773139305,6.028868389014151,17.502654646804817,16.55548422110873,24.240690310007633
2023-02-28,8.384804689052192,7.385125268028091,4.292500920889028,68.8638807155042,3.964382172182517,7.109306234343975
2023-03-01,13.444386991537463,14.30939563735839,10.656357601758645,33.019010741330234,14.123649308783309,14.447199719231968
2023-03-02,11.33184392736058,14.560121587997536,7.541987052427153,37.70807867997984,14.030008905015325,14.827959847219555
2023-03-03,34.00323832324159,13.109465427257462,20.050429228357302,15.974978571307426,5.1075570630882705,11.75433138674795
2023-03-04,18.549813619612372,14.008168535176424,11.591158339008393,35.486839155202496,7.1805130129119625,13.183507338088358
2023-03-05,22.835575515864267,24.90534380854093,9.466662890839192,13.810626033758536,7.31581935950388,21.665972391493185
2023-03-06,26.167020766414296,20.52659354118087,13.61059530702419,13.939374166932112,7.461628411220006,18.294787807228534
2023-03-07,40.13621800567147,11.772339806842513,23.274559194713895,10.199133964319365,4.23860093105161,10.37914809740114
2023-03-08,12.346160954701627,3.8587069303165142,72.81364041156452,5.379988998953151,2.0232396769894576,3.578263027474725
2023-03-09,28.335246504250662,10.841528234508903,33.58072599786424,12.379444231166891,4.977417334376039,9.885637697833268
2023-03-10,19.51052960951296,5.994068081324417,58.55689117839571,7.507784567860545,2.926231386814297,5.504495176092074
2023-03-11,20.450925102290174,5.585664305152121,58.76990678029716,7.449966938196198,2.6338582667683808,5.109678607295984
2023-03-12,34.879395413926595,10.592191752577913,25.382932950241905,15.383850760264432,4.257785163072496,9.503843959916654
2023-03-13,29.91440887818601,16.023862306451303,18.92851984545824,14.390579946398438,6.355579872507658,14.387049150998358
2023-03-14,16.560924999021363,4.820287332282586,65.20904122850405,6.5873671814611,2.3854069560744273,4.436972302656461
2023-03-15,11.38602524562569,33.996488096232866,4.523458885295765,9.01826818192299,9.392770011393873,31.682989579528805
2023-03-16,6.945519129707292,24.71857906008581,3.2853396206175334,16.888449649657986,20.53425441848655,27.627858121444827
2023-03-17,13.330262338605698,31.820281381479887,5.253922456530574,10.125801465298604,9.646425811065619,29.82330654701963
2023-03-18,19.026798422802038,26.70767935047494,8.960059819449324,10.476481613045781,10.137275245640572,24.691705548587343
2023-03-19,11.494034385923529,2.739281619384402,78.26707920167347,3.683350071379013,1.3061779005213892,2.5100768211181896
2023-03-20,22.8621191012676,28.80007398335076,7.667570016581066,10.01147932015376,6.567339194020606,24.091418384626216
2023-03-21,14.84411880589781,35.589596678764046,4.396374741316471,11.57391995339731,5.466973726922803,28.12901609370156
2023-03-22,7.88307302817694,30.523687314164285,3.6910319627938586,8.083649557290672,17.029297591836492,32.78926054573775
2023-03-23,31.537087639357875,6.510843645667166,39.828865014508054,13.398409594951646,2.8175505073905933,5.907243598124669
2023-03-24,21.41604756618904,4.247462157137066,60.44874287295424,8.035537627528397,1.963685948178754,3.888523828012496
2023-03-25,60.75954134546028,7.523291618463228,14.551453405835716,8.26193993056025,2.3975505026370927,6.506223197043439
2023-03-26,25.098645110172097,7.103511537889349,44.67876924311497,13.163376822464684,3.419697414167845,6.535999872191045
2023-03-27,18.98672868759441,24.727148132405627,8.019338593388586,14.721301167453959,10.072717137478723,23.47276628167868
2023-03-28,9.77846145153871,30.836561472278778,4.604102109820043,8.479781182440044,14.7912151042892,31.509878679633207
2023-03-29,29.70836407502699,22.235941080460762,7.0141297871570725,17.587628968100404,4.9179487398571675,18.5359873493976
2023-03-30,21.550308753401758,12.363297121107152,10.500394593392977,39.029793841863885,5.1811526503994365,11.375053039834802
2023-03-31,26.056409697953676,6.147786498978154,50.0981747941344,9.393900044143692,2.7231666467098967,5.580562318080183
2023-04-01,29.962671246453315,7.234436223894572,40.05981138780529,13.05782603197291,3.1324627860214593,6.552792323852468
2023-04-02,14.519265577364978,11.942636661641028,7.693519897984785,47.454851872657066,6.789319383559225,11.600406606792903
2023-04-03,7.863074717170057,18.955367507082656,4.657774719659433,17.138375325556787,30.803583655261903,20.581824075269175
2023-04-04,5.518945330268763,15.061022765013524,3.3410747404069547,9.99932005040761,49.24019106538006,16.83944604852309
2023-04-05,4.347351951992945,15.223487680162872,2.4541803549714283,7.340134590193355,53.07026880293525,17.56457661974415
2023-04-06,12.227301514038933,36.21873327698196,4.806636758512925,7.540830303743007,7.879018596383368,31.327479550339817
2023-04-07,22.045951035572067,17.33219406768374,16.87543968780352,18.571109174780528,8.97823894984853,16.197067084311612
2023-04-08,9.927274002169478,21.08364879319981,5.832821691924771,20.66877005003822,20.54358525252839,21.94390021013934
2023-04-09,7.267804128075338,30.501432247909893,3.7266025416799353,8.121199548219534,18.228321611974877,32.15463992214042
2023-04-10,20.972869129566018,27.541186270210748,9.285690656912102,10.110302533353014,8.040413447765438,24.049537962192684
2023-04-11,20.505718032283603,5.104673478492671,59.058690439764575,8.310083476230501,2.3624333944497447,4.658401178778899
2023-04-12,18.31669871520949,3.9540317827909273,67.02878915737172,5.329375510725179,1.7743743592823331,3.5967304746203586
2023-04-13,10.873273563792738,26.462246428301263,4.968613465639344,17.18376181860655,13.558235183646723,26.953869540013375
2023-04-14,19.246940345497105,28.647003996884944,8.478884653269159,10.157168680325904,8.370170069090065,25.09983225493282
2023-04-15,23.323997705146343,10.618799050047471,20.642571943011795,30.143679764407466,5.3803283261442525,9.890623211242666
2023-04-16,42.83125252251415,7.636493382100881,25.345700849739327,14.458356983040419,2.9181511668303495,6.8100450957748775
2023-04-17,11.853347582143911,20.498013676367453,6.358229728063766,28.471143303319757,12.465550601248667,20.353715108856456
2023-04-18,9.304289102537997,17.347540436937482,6.256752730437855,18.869615468324675,29.78497237557285,18.436829886189134
2023-04-19,15.929870326896639,20.755756213678733,8.589031011553526,23.93476411473492,10.818248878041555,19.972329455094638
2023-04-20,30.97699228027923,6.870878653365156,40.19810881769122,12.591201718357883,3.0870948653749095,6.275723664931608
2023-04-21,38.24687550002718,10.97870002533629,25.179664332697847,11.596831217582816,4.209658527345843,9.788270397010033
2023-04-22,33.64360378610282,9.243841192134386,20.820481113961947,23.755176388349696,4.054613306857945,8.482284212593202
2023-04-23,26.988641997900853,19.164531851043822,17.30825338208589,11.333752019326361,7.830150057021973,17.3746706926211
2023-04-24,24.420013947551915,21.01255583798505,12.668021265822011,14.987635342545639,7.942182906730142,18.969590699365238
2023-04-25,20.84762700307019,19.29086507721486,15.253001805543567,16.565858629098333,9.981943058157992,18.060704426915056
2023-04-26,8.789211596573377,26.53339852821362,4.823749884034685,8.201704636360027,23.43726405039316,28.21467130442513
2023-04-27,8.30581710707187,35.76509270649248,3.77594382302981,6.479593779132088,11.109793415491499,34.563759168782255
2023-04-28,36.59782558930028,16.65414820361602,15.494069184576684,11.505594613423236,5.290077695893295,14.458284713190483
2023-04-29,21.111859136076475,10.52736596750318,20.96484548018241,31.344515297332,6.079598628235779,9.971815490670153
2023-04-30,35.96437745103012,9.37456821064037,32.05815107639399,10.540787615740438,3.699888085051933,8.362227561143147
2023-05-01,25.568554554564365,12.001389039051794,22.015031128539135,23.436299241811092,5.8697995627524975,11.108926473281125
2023-05-02,12.091585126408269,26.066751200888298,6.976162404006712,9.455972162255943,18.957277115552575,26.452251990888186
2023-05-03,6.35707906866524,17.66141074511996,3.8710458026961883,7.369579556609189,45.16227562425315,19.578609202656278
2023-05-04,7.657920478834235,22.360208374506175,4.464686041548168,7.821099626239503,33.269505282421406,24.42658019645051
2023-05-05,8.873249921930686,24.832754174219858,5.2472502776612115,10.327539645782688,24.63231525639045,26.08689072401511
2023-05-06,8.866702363908589,25.190265074472062,4.637657136455567,10.10428622881521,23.9381882467088,27.262900949639768
2023-05-07,37.830525754135216,9.758279465706494,30.572957612727663,9.220925326135209,3.870783549418449,8.746528291876979
2023-05-08,20.581705378702843,22.268034900988106,12.135367657494351,14.454224285429282,9.923722222680354,20.63694555470506
2023-05-09,31.63185185314939,17.300970891440702,17.681980364475262,11.077172267576413,6.712973343549143,15.595051279809088
2023-05-10,16.28793486633271,23.709515562169177,8.396257662306688,19.018588954159135,10.351815761601545,22.23588719343076
2023-05-11,24.432363895733555,17.067747179289842,20.72678500962833,13.50187499958498,8.458530699520665,15.812698216242618
2023-05-12,25.636883339864557,18.62842092570966,15.789490752673105,15.140189197837852,7.86104352714726,16.943972256767577
2023-05-13,26.4232136633513,11.042869849414007,33.014294398479095,13.936116286375894,5.40979869867297,10.173707103706747
2023-05-14,26.307757313132885,16.31755821668717,17.153649974472458,18.235101239608085,7.095779139389373,14.89015411671003
2023-05-15,12.552699864857486,15.994322827788352,9.316127701922074,27.20514770926958,18.514654828742724,16.41704706741978
2023-05-16,39.84148602283313,8.606245467183724,31.374952740271894,8.94430316666834,3.4883320157250686,7.744680587317868
2023-05-17,7.865609916033699,23.685011785130005,4.602142923183022,9.956203667092584,28.555031445285735,25.33600026327496
2023-05-18,22.154877657869594,20.35968357299073,12.10260733481495,18.359057049581285,8.399650817263675,18.624123567479767
2023-05-19,17.584095252044307,26.474235806380612,9.375965748321391,11.543509816100979,10.689649911697828,24.332543465454883
2023-05-20,19.61935580008698,25.02390501110916,10.434300555460755,12.511223942255393,9.682877266129331,22.728337424958394
2023-05-21,12.886344700170351,27.039068316073067,6.291918859487809,16.251549561586348,11.720604334066184,25.81051422861623
2023-05-22,7.009913743054676,18.751831729444564,4.331757406125336,8.27757820007534,41.109845259220386,20.51907366207971
2023-05-23,9.589614180009535,28.276927563373118,5.045358568530736,10.125416310892357,17.85400328231265,29.108680094881617
2023-05-24,21.16587986014546,19.581597817583468,12.315335474425082,19.26979302149382,9.338764377879157,18.328629448473006
2023-05-25,9.98764443816135,18.49521249170356,6.973423352118573,16.31944292528772,28.8112046507663,19.4130721419625
2023-05-26,10.91314409799641,25.434984436818304,6.789353376084829,9.20099966197157,21.77298581766815,25.88853260946073
2023-05-27,11.420899818939407,17.713594230434303,8.274856530118102,17.853116220814407,26.208635308435234,18.52889789125855
2023-05-28,8.525751643368572,25.860415319750686,4.544069799310754,9.725955621280995,23.52988200247343,27.81392561381557
2023-05-29,5.358547581430495,13.96540429811701,3.449797797725714,6.966530217842326,54.813560626784906,15.446159478099549
2023-05-30,4.7491123629408944,12.677443996254492,3.001846279000941,6.7134684836870235,58.74016665891247,14.11796221920417
2023-05-31,6.24182854824203,18.039142518338043,3.8427858234393777,7.604623932730789,44.38593107817375,19.885688099076017
2023-06-01,7.935161366803886,20.576603922784713,4.915118566014332,8.709651913736911,35.63420354121102,22.22926068944914
2023-06-02,12.183599773657647,27.295978129885313,7.090633148519622,9.55395527018032,16.845911319961644,27.029922357795456
2023-06-03,13.076601796092097,25.78113787590105,7.390597039653906,11.419473669340132,16.54700718412802,25.785182434884796
2023-06-04,10.799310710797975,22.370676194528556,6.830585395226062,11.879950483390035,24.893689536489116,23.225787679568256
2023-06-05,5.9311188812959585,15.25381215054261,3.7676281854094786,8.022828958762531,50.18964799180009,16.834963832189327
2023-06-06,9.161862608077126,19.718279585677337,5.688610108847824,13.866015820084545,30.446287909750907,21.118943967562252
2023-06-07,10.197414113743905,23.6607892891238,6.225130376901291,10.317054116973749,24.890520981542455,24.709091121714806
2023-06-08,8.704052299567442,19.79898939820082,5.393049570678594,11.82956076441662,32.95011549032965,21.32423247680687
2023-06-09,18.119481236201363,24.38389147482277,10.928113742964728,10.948203016519999,12.432560719282183,23.18774981020895
2023-06-10,17.75298190806817,19.50316494597997,11.487758723339814,20.00331743468726,12.314037690826602,18.938739297098174
2023-06-11,17.193936719064215,23.46470646720752,10.642599949575185,12.334835453994724,13.611664210271698,22.752257199886657
2023-06-12,6.605908750597135,19.070782390306753,3.991810087482612,7.402803766197754,41.88912058108749,21.03957442432824
2023-06-13,8.210051530215976,21.046686380181566,4.895356889607759,9.47396508928069,33.55068328527324,22.823256825440772
2023-06-14,6.5135135443300785,15.062671914466069,4.324479391078477,8.739328194882564,48.8851296459148,16.474877309328015
2023-06-15,6.925852139464676,16.020665719335977,4.449936193690804,9.697826588364848,45.38459343274197,17.52112592640172
2023-06-16,6.408016711664553,15.835448030164164,4.030339912128033,8.95887453564856,47.29831786960795,17.469002940786734
2023-06-17,5.532082849461659,16.390323879514888,3.3360538817081147,7.224348512912431,49.23171773381428,18.285473142588625
2023-06-18,7.386195994071346,18.450282922574317,4.510055852775703,10.03653151850099,39.36435545512885,20.252578256948805
2023-06-19,11.230512389117491,23.268289909864567,7.013489905659785,11.474415188374708,23.078851290066403,23.934441316917027
2023-06-20,5.734470905576037,14.565146041215318,3.5731023952024357,9.440050094622709,50.51909076168927,16.16813980169424
2023-06-21,15.546753142075698,21.80020356487895,10.759681906666726,14.90208989551151,15.509287993298418,21.48198349756871
2023-06-22,30.888367230135884,15.569005632283869,18.83747108886039,14.328063618488127,6.30984932078875,14.06724310944299
2023-06-23,5.738778264689301,17.239835034026463,3.4555868345793583,7.604587081264954,46.80706523517429,19.154147550265634
2023-06-24,6.876594995455237,14.99266836652409,4.671231565018459,9.536741308300918,47.60096060049847,16.321803164202837
2023-06-25,6.896706436348415,15.030968722689222,4.677890405959024,9.555929452041777,47.473322478330836,16.365182504630724
2023-06-26,5.501435526675968,14.32754558541333,3.4679397262007243,7.34269657218733,53.44524299529628,15.915139594226366
2023-06-27,4.2480834191667896,11.986150594110285,2.6557109161937906,6.07368955529738,61.6071493957798,13.429216119451947
2023-06-28,5.156081452309208,12.842370608863746,3.3320166875962345,7.301088247550531,57.1405887504291,14.227854253251184
2023-06-29,11.057723530567811,25.417931148026863,6.696246434855448,9.38319169716231,21.49161274102192,25.95329444836564
2023-06-30,21.855790056690385,5.833052559989245,55.71150103408278,8.559942777737172,2.7114764756010667,5.328237095899364
2023-07-01,18.11794122089362,24.819730011793368,10.513386473835288,11.064809078523812,12.011512219259886,23.472620995694033
2023-07-02,16.223561343401173,22.22665896052112,11.028385366482093,15.07910489060368,13.962421861162088,21.479867577829843
2023-07-03,8.307376410947969,16.523792974130963,5.800379391408024,13.2991681970821,38.3428440587533,17.726438967677634
2023-07-04,6.175925120394084,14.254233977789616,4.035892624154928,9.377203981350563,50.50069597321303,15.65604832309778
2023-07-05,11.691185370877143,18.789760627032102,7.395286253106207,22.162358307010045,20.480326926223498,19.48108251575101
2023-07-06,6.941069254805606,15.374415104647312,4.656152499568429,10.878076966934405,45.44462676263531,16.70565941140895
2023-07-07,11.04621073909849,25.340379066323937,6.863611144815099,9.19903921644964,21.689888791407242,25.860871041905593
2023-07-08,10.52962123650877,18.1291519344044,7.549010266855455,16.93863795544783,27.894114424916328,18.95946418186722
2023-07-09,8.83870868267604,24.92048519526301,5.28313855643164,8.246868494330958,26.42030208522318,26.290496986075183
2023-07-10,5.739511422753496,15.80098037220656,3.429270032043881,9.27025853103606,48.13741106427772,17.622568577682284
2023-07-11,14.270179042787376,24.68143590402446,9.41330420313761,10.41878241515838,16.93028279211292,24.286015642779258
2023-07-12,25.51167849581631,18.535301856650314,13.792602026592208,18.11051938951158,7.277512364294764,16.772385867134833
2023-07-13,9.227018989348345,17.411433137633097,6.513497603251314,14.916737171689809,33.47366385256308,18.45764924551436
2023-07-14,6.4893075314413515,14.406412262568102,4.3653671860532945,9.344875186259884,49.64288908985383,15.751148743823526
2023-07-15,7.170975948021795,21.141990383721858,4.323802876482804,7.812168216955905,36.481410773202455,23.069651801615183
2023-07-16,7.752426589690407,20.26176864810768,4.744207143892546,10.599563214122394,34.76520583297089,21.876828571216084
2023-07-17,7.156603339421645,16.09245199964239,4.701142961396771,12.004465156024203,42.56228036160517,17.483056181909816
2023-07-18,9.883399034422395,30.721521773200237,4.927766621924739,9.253752851368837,14.60205860230742,30.611501116776374
2023-07-19,9.042455193753126,17.021920211785908,6.526895283982265,14.05975902065683,35.267745769549606,18.08122452027226
2023-07-20,5.029656040412366,12.92405713909478,3.203437866585253,7.550745439979924,56.92794699927231,14.364156514655368
2023-07-21,15.409029279027294,22.65162265114736,9.909695910130045,15.226404380198971,14.710462164942337,22.092785614554007
2023-07-22,5.057883708177678,12.97267975134265,3.2540786829869806,7.406166779613563,56.92215668010165,14.387034397777471
2023-07-23,7.6795668761553175,23.15301713570993,4.2690014656016055,8.246647169748796,31.16230932862797,25.48945802415639
2023-07-24,28.94721967042273,16.10393253084969,16.70128230479715,16.521599547492762,6.960439982614723,14.765525963822935
2023-07-25,18.285601043174694,21.539917035524123,8.845652423521793,21.08554440508738,9.744172676522997,20.49911241616902
2023-07-26,11.571831149947204,16.99655449661713,7.811795612071136,27.571279345777956,18.548892890839923,17.499646504746654
2023-07-27,6.2651580891418215,15.137678400919324,3.9583102024441637,8.762873076887058,49.15645336302938,16.71952686757826
2023-07-28,5.472375759543397,19.69442962720637,2.920987216326702,9.204500335052797,39.95518952713212,22.752517534738605
2023-07-29,26.07584490441992,18.604934978313032,14.49498665432363,14.404837551673161,8.92641995830518,17.49297595296509
2023-07-30,6.159207366030615,15.150375283299123,3.8883657847071857,10.164512238572094,47.916613922546354,16.720925404844632
2023-07-31,7.5083561530207055,22.956632898738246,4.444665261916635,7.551378221524967,32.63610030798627,24.902867156813183
2023-08-01,50.540557667361206,7.563994333168006,24.085348820181434,8.273659486364574,2.8162269909476625,6.720212701977118
2023-08-02,18.632660614343486,23.120815703662785,12.120687012894452,12.976539531036932,11.49934649282992,21.64995064523243
2023-08-03,11.25272247422034,24.053059651113813,5.225430932206609,22.539882256688305,12.682147337340282,24.246757348430652
2023-08-04,20.658484381622134,20.38013090004156,12.883928387616866,14.292324069824131,12.053123996094655,19.732008264800655
2023-08-05,12.72112863663473,29.060712993556166,6.287137602236788,9.295304902152749,13.967667438226156,28.668048427193398
2023-08-06,34.14993782297223,16.667340752654614,17.18242481803775,11.293098088878645,5.944445502572533,14.762753014884245
2023-08-07,7.130562777321611,24.290151563911056,3.794268350504901,9.29592654016322,28.481588777752364,27.007501990346842
2023-08-08,9.612234419198778,26.451300800412685,5.367949822823125,10.806371847092702,20.443704998044606,27.318438112428105
2023-08-09,4.579134338574357,15.878865811984372,2.571192486454279,5.890315466686267,52.80678055184408,18.273711344456643
2023-08-10,7.237756818295575,23.823534283651956,3.91601906064749,7.950504982668876,30.608028006053907,26.46415684868219
2023-08-11,5.057115607118782,16.195493361807582,2.9380452654454126,6.218659095271101,51.19528635641154,18.395400313945586
2023-08-12,10.473901070754705,28.57871838576135,5.044257619923425,11.634837828425253,15.222280896257946,29.046004198877327
2023-08-13,12.668104256187554,27.82780039216647,7.3781807249085745,8.911982509952407,15.91488697156005,27.299045145224937
2023-08-14,6.299504462776305,19.730344348585227,3.4087847309967954,9.919513345768943,38.21990919583826,22.421943916034458
2023-08-15,11.406509986244812,22.496485082971176,6.859107437953256,17.698460625164433,18.582402143580996,22.95703472408531
2023-08-16,9.149067733705591,26.85081905497921,5.156492235948705,8.006714538329398,22.70794895217158,28.128957484865523
2023-08-17,10.606515641920273,27.168474267905562,5.405420126549536,11.38157818294994,17.538480452257513,27.899531328417172
2023-08-18,4.303239115972302,14.017322135509868,2.449146447012939,6.277695503665743,56.805783243259654,16.146813554579474
2023-08-19,7.910020634039023,32.48087510607458,3.9474579658408184,6.873448298975419,15.498252920136368,33.28994507493379
2023-08-20,7.38342283851146,27.165501873480537,3.7342150447260747,8.013693840370513,23.62466937614495,30.078497026766467
2023-08-21,5.458281616358619,28.272196559178585,2.7194715455939,5.891090416155212,24.93551773206407,32.723442130649616
2023-08-22,5.540010927486532,26.601822536646598,2.852166908602862,5.810366988480324,28.60979573652731,30.585836902256368
2023-08-23,3.3542101011624905,11.97862821981999,1.870351237904444,5.374213017459517,63.374866909789894,14.047730513863662
2023-08-24,8.235141271841332,32.15402161703968,3.6807287659825687,10.431903426718529,12.609826798448767,32.888378119969126
2023-08-25,39.0153458097737,14.96426051550791,15.923773499758045,12.21185717347844,4.83706246133625,13.047700540145662
2023-08-26,31.060250647842008,10.220699693746603,19.132269839637818,25.445314168422183,4.6915137211929165,9.449951929158471
2023-08-27,24.475225466395173,7.3061242133705475,38.56324323672533,19.223494774734004,3.6638156808112665,6.768096627963673
2023-08-28,11.420970494993352,3.4960874831179365,74.83857598789335,5.173012235800937,1.8298346144547613,3.2415191837396504
2023-08-29,10.142088187170332,2.438856656243348,80.34468577980428,3.6755635824245054,1.1648308626058264,2.2339749317517055
2023-08-30,29.827610166879065,23.274779166111387,7.838953924239983,14.34770898688267,5.270787079936003,19.440160675950892
2023-08-31,22.59057917431525,16.209679479887622,16.289226550040283,22.035675158121308,7.8364788512226005,15.038360786412932
2023-09-01,5.787905819217571,15.706810266019867,3.377927959718346,12.091959897688895,45.37530118953372,17.660094867821606
2023-09-02,4.941064233139434,18.93937665832408,2.5852448400103496,8.088359129818338,43.110378853118526,22.33557628558927
2023-09-03,7.30768379346564,23.156123532898125,3.844405655432019,15.514502033154653,24.766411553739957,25.4108734313096
2023-09-04,7.867982297577034,19.038323061609397,4.451730588815887,19.971556771465075,27.950268637948383,20.720138642584224
2023-09-05,5.2997709967695545,16.400870269240762,2.9357521658126626,10.026191524494777,46.523956400053976,18.813458643628277
2023-09-06,5.959132932920301,31.098716123355125,2.854214755703762,6.338268990364424,18.650279160726523,35.09938803692986
2023-09-07,6.309425362187132,22.91114373204884,3.1325687970615697,12.95916969405737,28.266934699204178,26.420757715440917
2023-09-08,6.678009676853304,24.784846779979986,3.2463464734559513,14.694641429640079,22.640308195563378,27.9558474445073
2023-09-09,6.312829430129159,39.32350723134931,2.5311282289950214,6.518291351792192,7.598534266117153,37.71570949161715
2023-09-10,5.2942828102480854,23.51884097881754,2.614659740724428,10.656180550912268,30.081843980738103,27.834191938559567
2023-09-11,4.441968780766412,34.56972468289092,1.9589918401055773,5.850443118415058,12.453129271069324,40.72574230675271
2023-09-12,19.88432336190909,26.021223829338,9.854083247463159,10.43452609738055,9.938849711062511,23.86699375284669
2023-09-13,32.57715071742665,9.15662672542893,35.34558850242192,10.339510198445828,4.18523206334143,8.395891792935236
2023-09-14,17.953032821941893,25.927868266568748,8.727151247289228,11.410995462350785,11.356918144925457,24.624034056923886
2023-09-15,7.684867313772736,32.11985809324626,3.332032961259919,8.75025345539236,13.811551604042679,34.30143657228605
2023-09-16,30.939507392590205,11.072468463620272,17.21117421551543,26.203010418421513,4.533150267925929,10.040689241926676
2023-09-17,7.703478135463422,33.66196532214934,2.9492353890555068,13.141292857613612,8.91721833163482,33.6268099640833
2023-09-18,21.449021893665133,8.188369930377318,43.34042127000928,14.804821564337914,4.5465560664936,7.670809275116761
2023-09-19,7.37350818678701,35.01438078294124,2.8361435804966892,11.249375184681494,8.76732850194499,34.75926376314858
2023-09-20,15.303334020004531,26.896771931568086,8.126463501432605,10.18042857523547,13.454809504285011,26.038192467474303
2023-09-21,24.743408688952293,20.445955472026544,14.376237843767974,12.032173989502557,9.364957795362843,19.03726621038779
2023-09-22,21.515459575420905,23.349641980314654,11.978566448776284,11.154694066205188,10.297447356960705,21.704190572322275
2023-09-23,22.065710055943157,24.01237697742583,9.856249025290245,12.407655089037636,9.385542054464992,22.272466797838142
2023-09-24,12.105530978935347,29.13746256766297,6.051411706069344,9.154000020112523,14.62314838359243,28.92844634362739
2023-09-25,11.845415012230863,24.273830139516512,6.693446508591842,11.33377276639404,20.688169962071044,25.16536561119569
2023-09-26,8.428856568242386,19.6622662241556,4.784672281369868,14.609627613675325,31.014746288803597,21.49983102375323
2023-09-27,7.701522513912,30.552590578951506,3.428622441593155,9.525885004118916,15.638634317779355,33.15274514364507
2023-09-28,9.434135365574313,17.017932120892205,5.453462463374113,31.40634981848262,18.776048227974915,17.91207200370184
2023-09-29,9.105276495219316,18.937911830349098,5.223403680603479,19.41869826872969,26.85838364160072,20.456326083497686
2023-09-30,9.700432196890867,18.34810531255589,4.813973930715479,36.47975909265395,11.9894569388095,18.66827252837431
2023-10-01,7.31453950994451,25.713705325133564,3.4042430572448157,14.898795890865635,19.95590637128553,28.712809845525953
2023-10-02,8.281217565807516,20.14577394439373,4.50427687492509,16.69831681827362,28.280524272975853,22.089890523624188
2023-10-03,30.247327204427183,20.992462810983923,12.441295154993384,11.041520941984647,6.7739385069941385,18.50345538061672
2023-10-04,16.30167487930117,32.55997508942075,5.49357400051101,10.096681067074542,7.248256974600556,28.299837989091976
2023-10-05,6.872506195201171,37.383972612958985,2.504036101993368,10.229180921976564,7.153757065432266,35.856547102437645
2023-10-06,8.449950417291598,20.01997373771503,4.546147526923732,19.56367860980317,25.598482289995562,21.821767418270916
2023-10-07,7.760351493353025,27.561017369431955,3.4000716448414647,15.58547657641038,15.591375914184159,30.101707001779015
2023-10-08,15.927285421284346,18.03939198595243,13.668756852662684,15.68457215802793,18.491256474244555,18.18873710782806
2023-10-09,8.066381904538849,33.388623891908125,2.9743103508873396,13.971022458018298,8.469128624517657,33.130532770129726
2023-10-10,8.991879172672913,19.517522284954968,4.932794944288547,20.94477787878094,24.529599963156986,21.083425756145648
2023-10-11,8.3436816242382,23.52554424227342,3.932395528525147,20.37431617259658,18.282481717174235,25.54158071519242
2023-10-12,21.146321531395113,17.905695953195504,7.785255254702922,31.560928084029282,5.684211167361561,15.917588009315633
2023-10-13,9.397558517151326,28.133780842332452,4.0960871821535285,13.934372084854404,14.727866231928363,29.710335141579918
2023-10-14,36.12267057458885,10.484659940255083,28.51614727123587,10.743089316750124,4.569930021349862,9.563502875820216
2023-10-15,55.56928139231808,8.307305156183572,13.883479579771226,12.284758054917736,2.7128469967918933,7.2423288200174865
2023-10-16,23.138828773995552,13.697701530432946,10.511008944506512,34.96247189777931,5.287465026079283,12.402523827206402
2023-10-17,23.641818862918342,26.761569654368255,5.595347448400068,16.816377204782743,5.1409966716062865,22.043890157924302
2023-10-18,14.655023195721425,3.594253174592573,71.66379908918448,5.1103988001115015,1.688082947500931,3.288442792889116
2023-10-19,11.477605670168009,3.278761222348975,75.44909014976415,5.088347190133255,1.6755860593355667,3.030609708250052
2023-10-20,13.054427547865997,4.131023213687312,70.63153832339157,6.1552551182498245,2.19120409124899,3.8365517055563134
2023-10-21,42.03143474856949,9.605168530684157,23.484960641943438,12.803798358564645,3.568215183065256,8.506422537173023
2023-10-22,48.259545282909365,15.407724022307312,7.991013630908858,11.866472476436696,3.6422618220549827,12.832982765382791
2023-10-23,14.464646507533976,3.785605658109466,70.99914935717383,5.454048991294611,1.825360181579214,3.471189304308893
2023-10-24,11.55289216064825,3.5604292908591906,74.23633269207278,5.456576874136716,1.8868547581338175,3.306914224149217
2023-10-25,11.832325677437018,3.3139513645770933,75.5517289865883,4.557851234677452,1.6817795514629308,3.062363185257202
2023-10-26,8.248089469002235,1.8282024905119223,84.52326917067572,2.835657583226422,0.8843027846580926,1.6804785019255986
2023-10-27,26.87020399499442,7.27275634125457,32.582909603746444,23.049799405065933,3.5095320702275092,6.714798584711132
2023-10-28,15.65133143032793,20.623967559458464,8.2373348768543,21.121646765320932,13.677652195444256,20.68806717259411
2023-10-29,40.978517052069186,8.892852599876495,28.746842263750594,9.696521690251965,3.651394329554028,8.03387206449774
2023-10-30,27.04388289271472,7.464208986248049,46.24120503886506,8.831239635884106,3.5552335812613287,6.864229865026737
2023-10-31,8.540656477083768,1.7389943147381994,84.01430720184307,3.272943633538008,0.8350716038201389,1.5980267689768453
2023-11-01,42.06830138355117,8.122421614205715,30.138038932068746,9.071440539432086,3.2871889287307923,7.31260860201149
2023-11-02,12.559737591824685,4.033061821261973,71.09559901907338,6.353357329628395,2.1972513787377514,3.7609928594738253
2023-11-03,27.25928267131319,4.765905528498379,55.093256061681096,6.559711583220859,2.0217616217240666,4.3000825335624135
2023-11-04,9.592276246727062,2.6305247485726526,80.03136939366075,3.963193769505674,1.3481497950427381,2.434486046491118
2023-11-05,11.43773571002007,3.190648908642093,76.44445126167491,4.365957756472973,1.6143750413064064,2.946831321883547
2023-11-06,10.579124704219382,2.8483274542178605,78.55646321169854,3.9685953351792347,1.4222353501504086,2.625253944534567
2023-11-07,41.15755313883822,5.684240354641972,30.345762767473282,15.256008367639065,2.3993645609503003,5.157070810457155
2023-11-08,13.18737305662534,21.061410809721565,6.377442979369559,24.206426234325463,13.741241584887973,21.426105335070112
2023-11-09,16.275525684616216,4.183347390132971,64.30511451030722,9.206430727564154,2.1479737705592643,3.8816079168201725
2023-11-10,60.2866318777815,4.734303375363702,20.999302322091808,8.01579330421095,1.7564767446178358,4.207492375934191
2023-11-11,65.93956369985999,5.94496076144682,14.028802115600694,6.874677990637477,2.0059370753618766,5.206058357093159
2023-11-12,11.397658921222245,3.529008453892663,74.3789158903488,5.5210976920047745,1.8900035763436827,3.2833154661878425
2023-11-13,25.388039803068974,6.0216416529208034,52.257835785583,7.971261481997523,2.833328601374968,5.527892675054743
2023-11-14,11.97233513510541,3.698062375055624,73.48957335135486,5.435980685034667,1.966421125606228,3.4376273278432192
2023-11-15,15.978644704444491,8.03490083384499,9.16843531692535,55.12483868807641,4.104919643414704,7.588260813294058
2023-11-16,6.61192639808284,1.566459860331007,87.24753572579705,2.3691871205433914,0.7645180266184624,1.4403728686272588
2023-11-17,20.096657080081137,2.61501107973534,68.86630215571313,4.9394631351403655,1.1178348524376736,2.3647316968923553
2023-11-18,12.972604917230981,2.3782624263692984,77.59853464221665,3.78649702105738,1.0914646087984115,2.1726363843272702
2023-11-19,8.310887604347398,2.2327732741609623,82.76338518364064,3.482693318941457,1.1440289717832226,2.0662316471263122
2023-11-20,17.686808395230056,3.7732120950154506,68.20350222237475,5.130511177298324,1.7540863288077715,3.451879781273653
2023-11-21,32.61392479661502,3.569801864717719,53.440602903463194,5.702348670421583,1.462782397700592,3.210539367081905
2023-11-22,10.118997346006891,5.830489308815751,4.63010461425511,71.24788200768893,2.700414011040078,5.472112712193221
2023-11-23,6.297258729287877,3.7986872500033706,3.1077864310881766,81.40344622859412,1.8179384782006491,3.574882882825813
2023-11-24,33.01430084446848,6.354152914972378,44.72220633699789,7.479168873847108,2.689095022160308,5.741076007553836
2023-11-25,27.02726080348802,3.9325530048087485,55.46536965315239,8.327309075238704,1.6878792203226727,3.559628242989478
2023-11-26,53.676963149609,10.280840831574128,10.28376039701524,13.518743396105334,3.232227737266941,9.00746448842936
2023-11-27,8.998839428064208,2.118500186222095,82.76970527197093,3.1303061413470474,1.0336612347287746,1.9489877376669549
2023-11-28,8.965555413186518,1.854188446062549,83.1283672562959,3.4769140209962432,0.8765777147768146,1.6983971486819631
2023-11-29,52.528871770653716,10.098125592005418,8.913013876177073,16.56277863624483,3.0764890786315813,8.820721046287371
2023-11-30,12.049050531194895,3.7818494891600336,72.51683298674914,6.078954544439749,2.0487723780581946,3.524540070397976
2023-12-01,13.597410767442591,4.499723407707397,68.71001278820526,6.544170442609361,2.4529749483082437,4.195707645727148
2023-12-02,6.201554423469488,1.3311635812367886,88.1254634109447,2.4731739800597525,0.6449218657582678,1.2237227385310043
2023-12-03,8.991296635088501,5.892343462976404,5.396592712355131,70.81412120216153,3.2725418852663175,5.6331041021521235
2023-12-04,8.577923549381255,2.1766278248012294,82.37704502617346,3.74649402978108,1.1077790999529598,2.014130469910007
2023-12-05,9.215391143422755,2.269535327645369,82.12465222800792,3.1976154320102346,1.106776172081086,2.086029696832648
2023-12-06,51.996666887918195,4.250458249171189,29.494679357769215,8.80153728103415,1.656142593147621,3.800515630959625
2023-12-07,26.44058686045132,6.055114901869371,42.61909464347602,16.47765821667279,2.847608568105788,5.5599368094247135
2023-12-08,9.921976515929925,2.6780628446205474,78.66122876914183,4.861682824751105,1.392468366018082,2.484580679538526
2023-12-09,24.688350326712317,5.48574307585462,54.795029363914736,7.448968136510864,2.5543004704579975,5.027608626549457
2023-12-10,11.832441674581776,2.124693902005554,79.67844734199893,3.475977552384666,0.956242904969056,1.93219662406003
2023-12-11,11.925985773889348,2.836714112748791,77.0986039124736,4.141599511287952,1.3858825029734654,2.6112141866268552
2023-12-12,12.400926086521647,3.848468118944165,72.49701713374506,5.624414371027359,2.05049987187923,3.5786744178825574
2023-12-13,9.903065841970063,2.8300877165751896,78.85080852890339,4.328896578757418,1.465741391531799,2.6213999422621503
2023-12-14,41.407760237251956,7.703592007281893,23.840636525450574,16.731846343367717,3.2882651677879107,7.0278997188599455
2023-12-15,26.220375950921003,19.708007127703418,11.058758108932125,16.55195449411921,8.12204780324141,18.338856515082835
2023-12-16,22.734027243384606,17.196161478669847,8.416652534421289,28.636675803139138,6.9292893161894975,16.087193624195624
2023-12-17,19.223939997125456,7.809981345726862,13.437361768659088,48.1671674495079,4.02180419637552,7.339745242605164
2023-12-18,18.905693809687687,8.021512663656976,14.208887426958217,47.03947583976267,4.262074926577537,7.562355333356911
2023-12-19,24.2001734149814,7.640482184806065,18.153336800355508,39.202814511767656,3.704340967070558,7.098852121018825
2023-12-20,46.109517115945124,4.108362477906969,38.383881604759864,6.127122745639449,1.6028805608634338,3.668235494885147
2023-12-21,11.759587736546914,2.3936677503730523,78.33329266821612,4.169519837489562,1.1445206103368402,2.199411397037506
2023-12-22,9.43261774169655,2.688666073383003,79.61964413632565,4.356420364451118,1.4078573990097742,2.494794285133918
2023-12-23,40.72144964353312,11.73947512186641,19.600688014170856,12.576514273054121,4.718296407707156,10.643576539668324
2023-12-24,24.746713234604158,18.95593495779594,10.304951930298857,20.10513641814957,8.09594479083772,17.791318668313767
2023-12-25,15.63287072794732,20.264853630497633,8.21588687902223,21.92294317129804,13.621283316023018,20.342162275211745
2023-12-26,16.821437383279704,17.9905808491575,8.468282468957547,28.251297259817775,10.72076878202548,17.747633256761986
2023-12-27,17.012761195854548,18.0655638163106,7.966027910664598,29.471352403666113,9.802493256641988,17.681801416862154
2023-12-28,23.26303389589923,3.8421021959432364,62.3668094943981,5.362664645716986,1.6792513369857014,3.486138431056741
2023-12-29,23.839896178653266,4.504367456799872,54.850362069849325,10.562456599296553,2.1080624396083065,4.134855255792692
2023-12-30,29.812946487553187,16.502097742675634,11.156686399537794,20.79892568499094,6.5157725423747035,15.213571142867746
2023-12-31,13.354389056338364,4.082396577686083,70.8296902597729,5.784026853478745,2.1563228573421624,3.7931743953817536
2024-01-01,40.24564067339441,10.758150058049083,22.661716723953262,12.092361232991705,4.46464245112896,9.777488860482581
2024-01-02,11.749981291447881,3.3955334065902156,75.07979579352676,4.867067002386041,1.7605751695834788,3.1470473364656324
2024-01-03,23.284981772482528,3.3443441098844526,63.71269293160541,5.182838044287121,1.4445623623125923,3.030580779427905
2024-01-04,21.564093767886817,3.390853775994086,63.03368089287646,7.396452772649939,1.523383237326039,3.0915355532666497
2024-01-05,9.467369744825033,2.6122485584679715,79.77033980032546,4.36405167620782,1.362176199526492,2.4238140206472183
2024-01-06,43.03664420462891,8.070060068620903,28.758980533550233,9.572764569437282,3.2814564646818507,7.280094159080841
2024-01-07,32.388780923982345,4.795987949559945,49.83001589283339,6.623980138855931,2.0263815840317734,4.334853510736635
2024-01-08,37.57828198429229,4.4913012910384715,42.91867800096941,9.05288438017962,1.8933635524482246,4.065490791072012
2024-01-09,12.580366206135999,2.6492342413487058,75.98935079735712,5.056704593729717,1.2849499685451948,2.43939419288325
2024-01-10,49.87607867144829,4.968880737523309,29.48236678688692,9.2189599173695,1.9863816905006715,4.467332196271315
2024-01-11,12.904461525302382,8.670144910706364,8.752747133950432,55.85761612828853,5.420263472265095,8.394766829487203
2024-01-12,11.297707345412784,11.488893689235939,5.8050476329938245,53.04839738772918,7.035473773341633,11.324480171286625
2024-01-13,12.029157710357618,9.114428849078733,8.137353855233897,55.76209404424255,6.058757074291218,8.898208466795987
2024-01-14,18.446788919797093,2.8972268610650316,68.83767365554262,5.874395289343406,1.302466148709071,2.641449125542759
2024-01-15,39.34953280876836,5.232375062013025,38.989225419131216,9.474428679027309,2.2121947508638615,4.742243280196212
2024-01-16,54.72402238871118,8.761682301811065,15.9155734581307,9.76223997941745,3.0791792241751574,7.757302647754444
2024-01-17,12.67366311069116,4.058696524836878,71.05476183611542,6.223873623677797,2.2052569639730852,3.7837479407056764
2024-01-18,9.050448278840827,2.4320597855582666,81.17093941365947,3.8440900391865642,1.250154081712592,2.2523084010422836
2024-01-19,12.99900682512168,15.92742883422909,6.770401106727421,37.42226274256333,10.886925408970262,15.993975082388195
2024-01-20,13.654528354239106,19.921545770517866,7.545856021949611,22.197298492713628,16.270983983720868,20.40978737685892
2024-01-21,13.394252767486458,15.533613689055258,7.584440251341294,36.160272428124685,11.685087359328882,15.642333504663409
2024-01-22,34.145412932529176,9.447327251291817,32.87764005898205,10.615531289192717,4.263243482686054,8.650844985318189
2024-01-23,30.391136996030145,16.050231963999313,17.74526336854198,13.63648419314751,7.301384588857063,14.875498889423982
2024-01-24,15.903139968354887,3.354763629714605,68.55134677180729,7.484096642017708,1.6196384554477978,3.0870145326577045
2024-01-25,31.60567611962572,7.783186046431073,17.006031127314618,33.30597940707394,3.23606994637193,7.063057353182723
2024-01-26,39.16154625398883,11.123676660497958,21.75253078863369,13.137320121429832,4.679418598128677,10.145507577321009
2024-01-27,29.726181825900078,7.918948951064097,31.484057148003096,20.01704209252826,3.60869494371603,7.245075038788443
2024-01-28,9.844206777762942,7.099077589161817,6.230450537529788,65.73295691496166,4.24661477591524,6.846693404668537
2024-01-29,74.44212307941991,4.111678345314556,10.116252282582503,6.389365744954739,1.356134198816148,3.5844463489121523
2024-01-30,59.35258723805953,6.409232061485747,11.16678032984653,15.16856104979013,2.226913689312726,5.6759256315053355
2024-01-31,42.55664021704794,9.876174168649262,10.146433298145366,25.213667806588237,3.394241774559889,8.812842735009305
2024-02-01,7.362007868836312,1.8826246391726993,84.83169267557275,3.230517999952714,0.9535499575944701,1.7396068588710594
2024-02-02,46.218092246181676,6.4234151346587405,23.197081426686424,15.914153677513623,2.4988968208711366,5.74836069408839
2024-02-03,17.471385716825427,13.86753108583528,4.943826236991063,47.07119993094351,4.19233295004205,12.453724079362681
2024-02-04,15.849134771020989,18.17174015603685,5.080123108234041,38.25835465821241,5.860277437640341,16.780369868855377
2024-02-05,12.780519545663077,13.89281077455732,4.356207157015495,51.063499200902655,4.934908729268704,12.972054592592741
2024-02-06,15.21472042592255,10.813831984240856,5.156932594207489,54.74093498261146,4.06762399395209,10.005956019065549
2024-02-07,11.253300233026732,2.0906528668346875,80.60905612682757,3.2101282837945644,0.937311067787215,1.8995514217292417
2024-02-08,13.658814853086124,3.013833562576538,74.70331845053686,4.475209984522807,1.3978437533372796,2.750979395940394
2024-02-09,4.960375846317885,1.1311213395638566,90.49415750835537,1.8215015972772814,0.5522745274206431,1.0405691810649433
2024-02-10,6.2886086315910905,1.6013446557966455,87.2626433508218,2.568580894996159,0.8019165118997406,1.4769059548945462
2024-02-11,9.659198850524001,2.4048883734101385,81.09866690539363,3.4749833189034214,1.1576092935412206,2.2046532582275855
2024-02-12,70.26516665007708,5.287044356749583,10.19450889854297,7.849014600003542,1.763687268134964,4.640578226491895
2024-02-13,24.326605196509764,23.01675007815842,5.923997189198708,21.920837848193205,5.215412319036887,19.59639736890302
2024-02-14,32.93175441481368,8.011731804973806,8.951805244379553,40.039516624777924,2.878189760341331,7.187002150713695
2024-02-15,64.01369167683181,5.814397386514194,9.07692383806294,14.089091783872451,1.906298613175271,5.099596701543349
2024-02-16,67.64886418562887,5.030640833930568,11.374304906569273,9.743513727486313,1.7554202862852877,4.447256060099688
2024-02-17,58.855926801742655,6.040338276485255,18.39962410161214,9.090125642269246,2.2340445243920293,5.379940653498686
2024-02-18,69.1201916474449,5.16684817612703,11.479972471421487,8.038021142189661,1.6917233676440275,4.503243195172891
2024-02-19,20.402224497844664,21.20542994486855,11.471680747992826,14.636495671238375,11.778473337257134,20.505695800798446
2024-02-20,11.666653777691796,14.758773991022291,6.709493404879193,40.08913173359227,11.815695091210126,14.96025200160432
2024-02-21,53.82935437559935,4.629255989897172,29.723563573820627,5.990809547006424,1.7250192278172736,4.101997285859156
2024-02-22,12.893839336271965,4.158231995918803,70.83049894560634,6.009435535084912,2.237635400051912,3.8703587870660647
2024-02-23,26.270904518081267,20.345700199556138,11.803961876913355,14.345271398513457,8.371449238824786,18.862712768110992
2024-02-24,12.237787213916967,16.812928783481897,5.9884863837608515,37.65979389087715,10.45326842756942,16.847735300393726
2024-02-25,24.292738790663126,22.60488833654209,10.864460666387716,12.583895915098081,8.823257634081806,20.830758657227175
2024-02-26,39.76547385950682,9.02061663968136,29.260901012031248,10.378402391162785,3.525625327449309,8.048980770168482
2024-02-27,33.465450770966505,3.4897076427218496,53.02663243787723,5.484679910250166,1.4055420874215427,3.127987150762699
2024-02-28,14.636632608325659,3.240947140897715,72.27737983013579,5.368127197821087,1.5148379218460604,2.962075300973713
2024-02-29,9.56620154052555,17.98600166286884,5.071616587365633,31.724549218742716,16.751725066575183,18.899905923922077
2024-03-01,11.542751928437012,15.859549498712344,7.517703733456342,31.15258294803945,17.525769800199388,16.40164209115546
2024-03-02,22.55896728756527,21.522280915493944,11.351603813608152,14.100493461055958,10.094424077725554,20.37223044455112
2024-03-03,20.72944354659526,6.434695127752321,55.999078868378085,7.825996283735445,3.1103197842488117,5.900466389290077
2024-03-04,20.56158341622367,7.120896878834435,52.85331958304764,9.269451780722921,3.6199495272609408,6.5747988139104026
2024-03-05,22.962862960553068,5.584439957644396,56.98379715807699,6.938690599011201,2.4692501515033087,5.06095917321103
2024-03-06,40.22640435364021,11.075513336391513,24.592603210415305,10.228290626863604,4.078569797329164,9.798618675360212
2024-03-07,18.552583744777998,29.208072185637345,6.970326405384804,12.34126462304098,7.59701936688767,25.3307336742712
2024-03-08,31.6418729838551,9.635127709125262,36.21614504620968,9.71447505326018,4.096420103255409,8.695959104294353
2024-03-09,48.43878874516037,8.042318227037395,25.898985498110793,7.682355142781197,2.862523265754207,7.075029121156039
2024-03-10,20.96919628771809,5.966130361368547,50.99340404499393,13.50383083331525,3.0383527959056464,5.5290856766985454
2024-03-11,44.147957455058,10.511528995455832,23.408699005873913,8.888494693643066,3.7710482675994332,9.272271582369749
2024-03-12,15.507276638090579,3.1087539520983665,73.18408770610174,4.007758403013375,1.3740505353850656,2.818072765310866
2024-03-13,31.161305985175204,13.849611810933302,19.862903874441884,17.16348105088161,5.518103553085059,12.44459372548294
2024-03-14,13.966625740727102,35.35704508651416,4.986500605572488,8.859740272695827,7.0447847998664574,29.78530349462396
2024-03-15,43.335508469379576,9.097815664620615,27.140760157682752,8.969295566056482,3.388106000626919,8.068514141633672
2024-03-16,36.42116669668625,18.877908038582667,8.719956866899539,14.525958028227565,5.1088055749763575,16.34620479462762
2024-03-17,29.526011280058633,7.094534725808391,44.79872508591064,9.112767039747165,3.0577339186048755,6.410227949870308
2024-03-18,24.596427496161116,8.272840732352282,32.03134976880307,23.223938031178537,4.197027384368136,7.678416587136859
2024-03-19,10.131321785022713,36.73889375920429,3.7983623929662307,8.282508549637877,7.914394339384541,33.134519173784355
2024-03-20,6.9773494654454495,23.696200094262124,3.434683260189856,12.092023403588277,26.907535488737867,26.892208287776437
2024-03-21,16.4006245566911,20.191558495687207,7.420883929412425,29.012225655994296,8.152701275362837,18.82200608685215
2024-03-22,5.807590558032081,21.41318506481933,2.9505621626249514,11.675201609157364,33.385497811570566,24.767962793795707
2024-03-23,27.226941817238743,19.360074584654637,15.344791436250727,13.094372389881098,7.569647563272344,17.404172208702455
2024-03-24,26.291876510192548,14.139984691076462,13.534607467629876,27.577067933981613,5.648577981407355,12.807885415712144
2024-03-25,10.616048284789445,31.950199357854757,4.714050113158205,8.744541261126276,12.342730737896902,31.63243024517442
2024-03-26,33.62070951624095,18.34345896745468,14.725457351832663,11.24278535594019,6.0173430701209085,16.05024573841059
2024-03-27,15.702501155603654,11.442333699928408,13.754515510012164,39.60518686965601,8.315552370058088,11.179910394741682
2024-03-28,19.582718119525442,14.729229286535169,13.305244792528272,30.839262401786975,7.692563920264771,13.850981479359364
2024-03-29,24.833679909944774,6.686777659975128,47.149579816689375,12.061775466972746,3.1459274840484666,6.122259662369518
2024-03-30,10.916407432174948,2.903633413362066,77.90723608252817,4.141543844936733,1.4525360536702887,2.6786431733278016
2024-03-31,39.777942485832,13.440710424184637,19.69607577743665,10.194754064082584,4.938261273375084,11.952255975089026
2024-04-01,28.452118717939744,13.159694695540702,9.48872787494802,32.736347592123266,4.426980464150096,11.736130655298165
2024-04-02,11.962318320596516,16.351472759931298,8.510144286930057,29.08746845036659,17.385763741341968,16.70283244083356
2024-04-03,9.741375645582368,2.4349470476853323,80.45087295536064,3.9537300755345774,1.1826792280768426,2.23639504776025
2024-04-04,34.68047676066302,15.172179089389374,19.90447625555053,11.44381746954887,5.418163999561487,13.380886425286725
2024-04-05,13.454586006013125,31.62827241290036,6.362885336382429,9.970707871415224,9.973812628871613,28.609735744417247
2024-04-06,5.890705098185724,35.618454553708624,2.6034800530277757,6.322973592007651,11.793157392693418,37.77122931037681
2024-04-07,17.772933469937403,30.145419065834815,6.83773627602747,12.51179905409139,7.1573911881431,25.57472094596582
2024-04-08,43.97215468626339,10.544562912470868,23.350916842562775,9.11056505720419,3.7350314525983475,9.286769048900439
2024-04-09,20.168972681890917,10.30184000881186,21.578774032333975,31.968061207494554,6.184045394921466,9.798306674547227
2024-04-10,11.807267697010102,20.83701221484057,6.455444514340522,26.163889990472455,13.790532148883402,20.94585343445295
2024-04-11,5.334384192535542,15.283052536152503,3.096994027738752,9.888245107102533,49.098453999854726,17.29887013661595
2024-04-12,5.993236021773948,16.13284984245334,3.5116453099689333,9.97852163361775,46.268313117826864,18.115434074359168
2024-04-13,5.758987323703647,14.845545318234935,3.5359029616978317,10.714776229099321,48.611848411995204,16.532939755269055
2024-04-14,3.671164847105688,12.365147942702531,2.0945983423588843,5.901302833703093,61.638453470543,14.329332563586803
2024-04-15,31.67332207468951,20.390583149476516,10.03763156180767,14.246725405774155,5.913248672958474,17.738489135293687
2024-04-16,20.584826324081572,26.097881071342627,9.77787706028993,12.126889356128961,8.329742663757987,23.082783524398913
2024-04-17,27.45153984598631,16.874392268328958,13.20467516515212,21.219845019686893,6.167176239758337,15.082371461087371
2024-04-18,24.74235335232974,18.266820166095464,14.539576010472159,18.128171799212993,7.657155059646574,16.665923612243073
2024-04-19,35.13969749819816,6.845237517998551,41.65600174715008,7.539169138133839,2.712057205924955,6.107836892594431
2024-04-20,18.74415876100496,23.793430867135914,11.849361530938248,12.12011798018539,11.28867134822242,22.204259512513072
2024-04-21,13.34664904862623,20.64936794280625,6.884282830028965,27.247280170848377,11.598532387424122,20.273887620266063
2024-04-22,30.024280802096836,22.00021676432935,10.573773512099491,11.307128375192464,6.705676421491578,19.38892412479029
2024-04-23,22.37047159884537,24.305487872197148,11.492878955426127,11.527778015483122,8.607637885691629,21.6957456723566
2024-04-24,25.901090143432366,19.339677665576595,17.06474564998477,12.171562611256254,7.960918989625651,17.562004940124368
2024-04-25,8.582138913148759,31.343131009031488,4.019536654050178,11.899386083935699,12.702229330263053,31.45357800957082
2024-04-26,15.370835808760303,15.00549672004093,10.03368545139758,35.320139364309895,9.646950408225345,14.622892247265948
2024-04-27,9.095005492733241,25.777428470352636,5.107238582329461,8.229789865919257,24.41446841790281,27.376069170762584
2024-04-28,10.86834584633925,3.2326808124898583,76.39223937884417,4.829111482012906,1.682304362745428,2.995318117568383
2024-04-29,17.597751553173747,23.624264715001036,10.49210990151852,15.156278673682246,11.064482972388015,22.06511218423644
2024-04-30,9.598258038347861,29.416101218202673,4.7143481002283,8.992575960967864,16.60546135505623,30.673255327197076
2024-05-01,31.86900952541503,12.004471123868703,25.152118163557063,15.01703823512294,5.1013075984403615,10.856055353595899
2024-05-02,17.716403875989357,4.9800380292471464,63.551190337114626,6.782621827384164,2.4038727361765138,4.56587319408819
2024-05-03,12.97528806490735,16.433415829137505,8.3302090997274,33.70391922982812,12.198842830654714,16.35832494574492
2024-05-04,7.545396112040755,42.20032470492706,2.944641387888415,5.466574004591589,6.456324883312235,35.38673890723996
2024-05-05,26.508161703198763,17.100968964740165,18.789327664601707,14.43214080156355,7.572364498892065,15.59703636700375
2024-05-06,10.977913933005395,2.847036487443642,77.71985938164879,4.438889364634713,1.3983089536368765,2.6179918796305865
2024-05-07,19.930512644826234,4.903679204997812,61.38729993817902,7.066409364639832,2.246337790114887,4.4657610572422115
2024-05-08,12.04094823094366,23.85530099725469,6.959718610250832,11.623784413148783,20.80191341766508,24.71833433073694
2024-05-09,9.095963358679517,19.469029006177838,5.958055125077552,13.248996633015112,31.576026078315156,20.651929798734827
2024-05-10,14.77263892450351,26.45329210749553,8.65772690877648,10.763409949699161,13.90871164692212,25.44422046260319
2024-05-11,12.215654015948738,24.78797462033675,7.264926998529105,10.438769797847268,19.972215527430823,25.320459039907323
2024-05-12,9.135012083397937,25.422992600713272,5.507428433264512,8.39853658945008,25.00640862412256,26.52962166905164
2024-05-13,17.716384491995377,24.52384614596142,10.730139633421613,12.178690909331022,11.849375041109123,23.001563778181456
2024-05-14,34.331394776793374,13.387046501244518,23.79458027752541,10.77757975341879,5.5887522384659505,12.12064645255194
2024-05-15,24.50784546917574,12.595404964903553,22.884029206970737,21.833725576534924,6.452963736717909,11.726031045697143
2024-05-16,27.830501613445275,12.595830443154396,28.20088468060082,13.766613218392507,6.027760247840967,11.578409796566035
2024-05-17,8.403390752211447,18.55242187871593,5.609331614356844,11.832268726554132,35.74788876803885,19.8546982601228
2024-05-18,11.470061443150325,26.298518512931444,6.072337680796227,11.55098995878632,17.784416154557995,26.823676249777684
2024-05-19,7.758145997668932,24.11126083091723,4.400111137659827,8.85993797227387,28.64717438404861,26.223369677431524
2024-05-20,15.021304041261665,25.71508368464121,9.427916916452213,10.067660559727717,14.913172440776362,24.854862357140835
2024-05-21,12.856598811607517,27.747441183130828,7.0324852907947255,12.23846087626289,13.481937665566338,26.643076172637702
2024-05-22,17.06001350388536,21.07949893675583,11.371812535037208,18.07267865374287,12.244564273667336,20.171432096911403
2024-05-23,33.586296167003674,8.57865128662426,36.98586183523848,9.627439035143489,3.5243905590950275,7.697361116895059
2024-05-24,19.356130758419102,21.45533926128187,13.785899185687198,13.029396822258176,12.02767693361005,20.345557038743614
2024-05-25,13.27171502011458,26.06309322716658,7.905181596085894,10.752320609931756,16.365012650910277,25.64267689579091
2024-05-26,22.136020965058602,22.40697141818839,13.396050932161263,11.431211466211888,9.948666680946106,20.681078537433756
2024-05-27,28.555020063968545,9.821457920327454,32.63454406561272,15.494673569897003,4.518975797973301,8.975328582220975
2024-05-28,9.075547757612116,24.019026512177504,5.478658243914807,9.923385573436642,26.21422712465804,25.2891547882009
2024-05-29,27.911685829108606,19.579686731341415,13.336318845569764,14.893571903468278,6.889490644240862,17.389246046271072
2024-05-30,24.95493263804438,18.43338020066445,15.127406657279959,16.723810673594066,7.912240907501106,16.848228922916046
2024-05-31,42.87431871918659,11.394504707588252,21.640207689141956,9.96588709285279,4.0698369272930535,10.055244863937357
2024-06-01,17.909322321129338,26.042264776744894,8.828673218498283,12.930827112455248,10.20297808645504,24.085934484717193
2024-06-02,34.284054053132515,12.923978711863562,22.187220596847013,13.572692195932175,5.354141902531057,11.677912539693692
2024-06-03,26.721190590717743,15.247258555455312,20.453799520017302,16.223088202625718,7.266501370527774,14.08816176065616
2024-06-04,11.143335573730326,23.295805119731895,7.10905651346339,12.362195243116911,22.240619452975775,23.84898809698171
2024-06-05,8.887490473041375,18.81386084672322,5.854251194038791,13.2854391113754,33.099374098809655,20.059584276011567
2024-06-06,15.80191211245651,24.287885071347866,9.004284072368847,13.13062597674837,14.024822329059344,23.750470438019075
2024-06-07,12.020914418000787,28.683593075420077,6.82497012677855,9.40640511140696,15.166988764344177,27.89712850404944
2024-06-08,14.854677904293274,24.4295694697771,8.942675266969953,13.610470245853678,14.394599003713102,23.768008109392884
2024-06-09,20.632618492603218,25.31053246733872,9.851472285213411,12.684599368831458,8.798833320018854,22.721944065994325
2024-06-10,9.578584768472389,21.331944252574136,6.349107585053878,10.805659467220321,29.55958189010346,22.375122036575814
2024-06-11,30.626389384336456,12.484295533705989,28.738029657910747,11.320584615301664,5.480333683267789,11.350367125477359
2024-06-12,11.511337300741971,22.59400298755242,7.243775181635506,11.669959966904548,23.597464990440375,23.383459572725172
2024-06-13,7.057178929550364,17.671311273615924,4.5198693068335265,8.600175474770248,42.905039600261055,19.246425414968886
2024-06-14,23.533532077022233,12.08605433307371,26.8564560240612,19.41361419822829,6.753400241203293,11.35694312641128
2024-06-15,10.99115539932311,20.666165324424526,7.64092845463008,14.558684337063676,24.81169327024004,21.331373214318567
2024-06-16,6.866916634422182,20.530687951341235,3.941757647862726,9.471226500499252,36.48230544429112,22.707105821583482
2024-06-17,10.798421844342386,22.635068306677013,6.186456986725873,15.852800363047223,21.10384901646549,23.423403482742007
2024-06-18,4.647638375807685,12.780719298858717,2.878671590361377,6.550096918542738,58.81078885274368,14.332084963685798
2024-06-20,33.060289580844305,8.509091762023992,14.767129802062648,32.56912094869025,3.394618231580792,7.6997496747980065
2024-06-21,17.838156610162695,15.864687670550259,13.055287557028777,28.43156174682486,9.580505335980307,15.2298010794531
2024-06-22,25.958707757543714,12.95952915943192,25.218594516860875,16.965323929178428,6.805598342103789,12.092246294881285
2024-06-23,20.470626048459078,23.03618289970835,12.586557684399647,12.4123942962979,10.256139959233689,21.238099111901317
2024-06-24,9.158968833110775,17.22798443954747,6.190663227871005,16.404823231853836,32.64687028034374,18.370689987273174
2024-06-25,15.539807409001302,24.34934521489991,10.22184961335478,10.59290193577608,15.552209935128545,23.743885891839376
2024-06-26,15.62132788191348,22.53731681714333,8.970320018069486,17.393906109557676,13.393398844382542,22.0837303289335
2024-06-27,9.34135812639996,26.245450613222985,5.060770494582837,9.803862965698048,21.894090942175566,27.6544668579206
2024-06-28,13.346366993279174,27.27411134849697,7.883726993823998,9.470685245681299,15.437067947670812,26.588041471047756
2024-06-29,19.35700570353576,22.67180674744507,10.359824127766366,15.575365751519632,10.62919988748407,21.40679778224911
2024-06-30,18.103068483002733,15.230274811003367,11.78320667125848,31.278663970966754,8.92914104498069,14.675645018787979
2024-07-01,22.14933095929672,21.655316541155507,13.595578277657644,13.472181089986876,9.31559027390888,19.812002857994372
2024-07-02,16.496760483897663,26.385007688713753,9.406465232688124,10.25406439931987,12.530079624699257,24.927622570681343
2024-07-03,24.361559882190974,21.04601510223692,12.720567488192,13.127454713952838,9.184585133076393,19.559817680350882
2024-07-04,13.104204472470052,27.329501677422364,7.085414497631761,12.4883717127127,13.674022945989432,26.318484693773687
2024-07-05,6.205797850617674,17.79187561516247,3.8283875153590876,7.067348466788398,45.47288297359968,19.633707578472688
2024-07-06,39.2141335033361,10.679141045109077,25.517794235343455,10.693172767851296,4.291081561757122,9.604676886602954
2024-07-07,14.22208994125377,21.832376788117752,8.435735023036035,18.36475327010242,15.444925960784031,21.700119016705997
2024-07-08,6.139422133996189,14.124258487820263,4.087970234211378,8.672794746959834,51.48835656693185,15.487197830080495
2024-07-09,8.776235659238289,21.952148210917315,5.607276560854584,8.551140011366561,31.79273526301093,23.32046429461232
2024-07-10,21.734402008405617,18.61227014811768,16.59752298257406,16.174682237224467,9.506742435505346,17.374380188172843
2024-07-11,14.901749792873819,25.701560426471488,8.847853201288602,12.009094804646335,13.81799979253175,24.721741982187996
2024-07-12,26.341683152138778,14.651862384619111,22.58546229884855,15.7321264463002,7.162243624517715,13.526622093575646
2024-07-13,11.022400287745489,22.153533779622595,7.460349944985188,11.299844663130663,25.19800563068899,22.865865693827065
2024-07-14,10.738990417252241,27.74286778974539,6.046578641909925,8.967462523916813,18.429732204043127,28.0743684231325
2024-07-15,14.8277669604351,24.601688282402304,8.54061020235978,16.125079340443342,12.395598463411769,23.509256750947703
2024-07-16,8.938473262380965,19.446730511230943,5.835885463415361,13.777518164943942,31.3676576560768,20.63373494195199
2024-07-17,7.080633962130323,19.220424499445325,4.334351319116481,8.861195276086562,39.54218200158371,20.961212941637598
2024-07-18,5.381161794490134,13.119601407512427,3.5201789652086637,7.804486365633648,55.68478719070785,14.489784276447276
2024-07-19,5.953740851958566,15.718738513048425,3.633370734261344,9.348907868231763,47.886885342633946,17.458356689865962
2024-07-20,9.052120497008447,21.386573879868017,5.700686769775489,9.014758687958409,31.999169888067108,22.84669027732252
2024-07-21,23.47723326462254,19.954331186119,15.530922121507515,13.935761406549304,8.832854323995589,18.26889769720604
2024-07-22,12.975262647836761,19.471273333176896,8.5988398835283,21.445196780312095,17.790595774864332,19.718831580281606
2024-07-23,10.137955534601314,23.75405947214683,6.065932492947573,9.47786561810697,25.55957606118718,25.004610821010132
2024-07-24,7.222881431833075,17.984652742540312,4.436367972035547,8.87531103631749,41.71450678500653,19.76628003226704
2024-07-25,6.3024540141474015,23.19171170113693,3.560869378622724,7.071599218211115,34.09325579578337,25.78010989209844
2024-07-26,6.386571622906234,15.95220561680703,4.007469086447139,8.193092673161107,47.83592079462046,17.624740206058025
2024-07-27,7.729577322449925,27.768301397324397,4.110196210017349,7.667903303602384,22.781045916359215,29.942975850246732
2024-07-28,9.332157087661992,22.03490863834575,5.397830675002755,14.259625046070962,25.56409399890589,23.411384554012642
2024-07-29,5.664197341590289,15.438467950880638,3.460129925043767,7.1789828216891545,51.01945055746106,17.23877140333509
2024-07-30,7.933673616626721,25.273071493499494,4.400427212745388,7.6122383033825765,27.417421562478506,27.36316781126731
2024-07-31,15.13419664422673,24.83309609284404,8.605145747894344,11.720692426957257,15.151588206633473,24.555280881444133
2024-08-01,4.499654223056292,13.015370560453313,2.6571327005312684,7.174886970636191,57.890260246449785,14.762695298873155
2024-08-02,5.348595393296131,18.35987219688951,2.9405593556200578,7.65544761525078,44.55153104399056,21.143994394952966
2024-08-03,5.391112471526846,16.213314046131686,3.163221097702463,6.953560447987954,50.01320019776519,18.265591738885863
2024-08-04,9.203501178657913,24.908639177199664,5.343858471751347,8.29892322808162,25.86167649085358,26.38340145345588
2024-08-05,6.439863838611118,18.322430021307163,3.7207911092194137,8.419400517348114,42.59385653492293,20.503657978591267
2024-08-06,14.272574263587542,19.508708191413234,10.781248659811823,14.044453111162044,21.468741937244936,19.924273836780422
2024-08-07,10.887114062519892,21.64237331104272,5.5192422784355095,24.677274984781018,15.08934634856415,22.18464901465672
2024-08-08,9.773586993230696,22.627024483081332,6.199343504010136,11.39293204383306,26.36081763401258,23.6462953418322
2024-08-09,5.751411466325739,17.554561039857163,3.375919461368352,6.732813463678518,46.867785114609184,19.717509454161046
2024-08-10,5.1795735986073606,15.633340179133967,3.0582055465010067,6.446509904608991,52.022558212960135,17.65981255818855
2024-08-11,11.326703546905723,29.023022216358264,6.078862297561812,8.473214279108555,16.1617945558616,28.93640310420405
2024-08-12,12.636775826435878,29.270408193195568,6.961889651883441,9.328801122543503,13.724222492891712,28.077902713049895
2024-08-13,9.451107298246626,18.96110578941688,6.00052044197578,14.82150668651115,30.47235260068743,20.29340718316213
2024-08-14,23.27960932524469,21.939635524254356,13.222561282178866,13.054973046198212,8.666681325442207,19.836539496681667
2024-08-15,9.160647486556165,30.15881242654649,4.391283414825559,9.588185546926974,15.55241286671688,31.148658258427925
2024-08-16,8.266753541746565,22.014938013693445,4.424910456159657,15.32930880691588,26.020842448653486,23.943246732830964
2024-08-17,8.312126121511307,22.487492386198333,4.252044987374118,21.49273966084755,19.35592337872008,24.099673465348623
2024-08-18,55.157052434299224,9.402526563926907,13.722345124615003,10.30110221619227,3.141385424775991,8.275588236190602
2024-08-19,6.969935705526341,24.61014190575382,3.8818693881575923,7.8041178574564425,29.72887251750193,27.00506262560387
2024-08-20,9.441525060884942,29.25008908558929,5.173570873370367,8.867266872539163,17.635057475831374,29.632490631784865
2024-08-21,10.93274259131571,23.060588032242023,6.670351119391611,14.74094156746886,20.96569993021627,23.629676759365516
2024-08-22,10.230777662003861,24.881546372012785,6.327270547168469,10.704879055625286,22.32881807283696,25.52670829035264
2024-08-23,6.552831965545382,15.187106104446645,4.1444718342908775,11.231383586300703,46.13445100346695,16.749755505949445
2024-08-24,4.710251015058999,28.853623860820125,2.285181481520965,5.988422233529622,23.511219441439838,34.65130196763043
2024-08-25,27.40198574816511,7.589242752025808,25.138822640669865,29.343307560025366,3.5392303312178846,6.987410967895968
2024-08-26,11.17348889174117,23.94912979075854,5.879326006618619,19.62149237518783,15.163796811044083,24.212766124649754
2024-08-27,7.598778690270734,16.852819158782072,4.950182122413127,14.17517141939291,38.163469628801565,18.25957898033958
2024-08-28,6.199935597634487,14.945520842838587,3.859233277632417,11.125721091371965,47.30686878048731,16.56272041003524
2024-08-29,10.576070321650361,34.51848579340656,4.702177133808905,8.164197079439557,10.027736841694928,32.01133282999969
2024-08-30,14.039430172928006,16.727791653753087,12.111486264407064,19.183939710142063,20.831325658693054,17.106026540076734
2024-08-31,9.126126460248981,21.048543043847832,5.0770531747394205,21.738738111518085,20.75238181445891,22.257157395186773
2024-09-01,26.059064865323624,18.342926324396203,16.59189695135676,14.811948795250993,7.54377926549649,16.65038379817594
2024-09-02,28.0649348895983,19.126549704259247,12.595193512299103,16.727492048654984,6.528356327619184,16.957473517569188
2024-09-03,19.034880006260995,28.684294675075446,8.514843217538278,9.771508785246708,8.659293029951016,25.335180285927557
2024-09-04,27.94194562858396,6.622718141592516,48.62648675862795,7.999554570725312,2.8351254596269264,5.974169440843352
2024-09-05,17.332175508985568,10.395605548287596,16.11594725014355,39.47595826031458,6.68161592028432,9.99869751198438
2024-09-06,6.9282798047395096,18.504735084647226,3.8996661507467145,14.370604954965682,35.69943857184878,20.597275433052097
2024-09-07,11.72152648876271,32.37252996130937,5.689884697682863,8.2641946374521,11.546677934533736,30.405186280259223
2024-09-08,14.436659776672839,4.048687049443698,70.46603785212397,5.366810603283065,1.9647267011857035,3.7170780172907145
2024-09-09,17.73833382275766,4.889470560916636,64.18532502378197,6.369196487176959,2.338553707239839,4.479120398126928
2024-09-10,15.21416168495324,26.048453520808934,8.010701004834244,10.962908365868056,14.200189384733367,25.56358603880216
2024-09-11,28.13445189798746,5.387422417835723,52.842947044431696,6.435147517675789,2.3215965491384623,4.878434572930869
2024-09-12,26.485093201048915,10.879633457576702,32.97781933362306,14.44091051147917,5.225278811157171,9.99126468511498
2024-09-13,25.25634173537951,9.174345798118695,42.48879705365866,10.286586096229966,4.390524894643169,8.403404421970002
2024-09-14,5.948321805951777,34.842402378689826,2.5116739419401175,8.259718984394514,11.10481072493263,37.33307216409114
2024-09-15,7.590234731671537,21.873401633978958,4.308715820408105,14.537434991797769,27.959072983773876,23.731139838369756
2024-09-16,15.725218370800578,22.093907994520933,10.289476490167452,12.607895706020697,17.17896117632104,22.10454026216931
2024-09-17,7.239247082093354,21.624416109550427,3.8342587607834178,11.14187640298102,31.90926679907813,24.250934845513655
2024-09-18,9.742662498680287,20.499766751566685,4.890407889077566,29.199866909027094,14.433146919449067,21.23414903219929
2024-09-19,12.377860020139329,30.3266228837403,5.464806019753036,10.364560868197222,11.91069002153044,29.55546018663968
2024-09-20,12.625907194095456,33.15437302756249,5.389858625895136,10.493676708609962,8.806250161641046,29.529934282195907
2024-09-21,19.551394006911817,26.51491233802136,9.353656570848202,10.20809906359992,9.969778200723683,24.402159819895008
2024-09-22,31.417437864535863,6.032657976930627,47.79080113067701,6.8641471769740985,2.4787593901291287,5.4161964607532775
2024-09-23,44.56108893087526,8.334477752142226,26.65880624799834,9.68772127071464,3.2775464338233675,7.480359364446174
2024-09-24,26.325674398485344,5.0737977961507505,56.072554201929904,5.836294166569068,2.1259655553889,4.56571388147604
2024-09-25,29.882373685691466,20.376229910055116,11.522694313429383,12.906997120218053,6.989302989158771,18.322401981447204
2024-09-26,10.297992818902665,2.947502549927004,78.08277416355696,4.407159696463277,1.5320247218832688,2.7325460492668308
2024-09-27,28.458342275013276,7.366290968871087,40.97790767688218,13.16317440862051,3.3242028532864065,6.710081817326538
2024-09-28,60.14933114052572,5.644701834539752,15.577541742852254,11.555521887514828,2.0558039875146252,5.017099407052828
2024-09-29,15.49127461867521,27.795189179153475,6.37364468385853,13.269769337423215,10.51246093861438,26.557661242275206
2024-09-30,67.06283251328638,8.388986464121148,7.192331186963196,8.112502171276113,2.1850774559164843,7.058270208436661
2024-10-01,9.907265051908471,2.774500069789798,79.39740196732669,3.9442607849418145,1.4124665677271506,2.5641055583060797
2024-10-02,19.690304479925537,26.84455035122186,8.021900086932101,11.554668002440348,9.195410119319467,24.69316696016069
2024-10-03,22.358634403367066,19.95866782816742,5.951387236426534,29.535179192862138,4.961921098321687,17.23421024085515
2024-10-04,50.18384568623273,9.828613989652062,14.530354043256615,13.704146660250046,3.197601915669478,8.555437704939072
2024-10-05,11.085102434337479,15.52521478635974,7.14003025234091,33.690731996403535,16.527707000624176,16.031213529934163
2024-10-06,27.366240767295373,5.5071150673328315,44.96108550093202,14.602796530241676,2.5233869408185514,5.039375193379533
2024-10-07,62.77119229473944,6.444490632307205,13.636998151738991,9.283227043283118,2.1973697537437897,5.6667221241874595
2024-10-08,21.427378627302446,8.628945677011451,26.190017591156593,30.660180509497494,4.936994287937367,8.156483307094655
2024-10-09,26.91322168863855,3.722779870760357,57.76114847787477,6.694697326773484,1.5541165250278366,3.354036110925005
2024-10-10,47.1230867599116,9.434239003695565,22.47174754689447,9.101950255250154,3.4791411946665916,8.389835239581608
2024-10-11,20.247352644945472,25.227342295673388,5.691360215272204,21.284272096910676,5.811762943345896,21.737909803852347
2024-10-12,25.903715499331042,5.884983356097938,53.45725178233289,6.786526786755773,2.6172297009645855,5.350292874517772
2024-10-13,30.535990820934718,7.169414932739035,34.760792569131,17.807911591725915,3.1936331375462994,6.532256947923029
2024-10-14,15.425148175797238,6.846380864599769,9.789529286201615,58.03504240395909,3.4726076899446032,6.431291579497699
2024-10-15,14.568021861623635,11.222877021297457,11.871100191594252,43.385037356429905,8.002261942467857,10.950701626586897
2024-10-16,26.034970689555216,8.268636661608486,31.086705315623963,22.913670892955956,4.053075884577806,7.642940555678561
2024-10-17,18.045776093570563,4.948139547285745,62.17757603059981,7.862592378524168,2.4170575809450794,4.5488583690746305
2024-10-18,23.634277557456784,7.825917516989023,38.579924110835755,18.62368274929635,4.059543378278745,7.276654687143343
2024-10-19,20.305084066554322,9.057033008741588,16.00702642922193,41.46366614441865,4.675696643070436,8.491493707993063
2024-10-20,15.61565552615097,11.014456930708008,7.835450825034653,50.4510501653258,4.86318452973051,10.220202023050053
2024-10-21,17.442697271013806,11.692225113837635,6.675784588097843,49.32829190158141,4.256269833963362,10.604731291505958
2024-10-22,46.808348631912786,8.05378679268225,24.857574505800844,9.874365513477509,3.1693897593693676,7.236534796757242
2024-10-23,17.174755584972146,3.8020722779822442,67.56246261451723,6.233621401824914,1.7570161812726293,3.470071939430835
2024-10-24,19.368908359172554,8.763186228628541,17.461702124494273,41.22477132238729,4.891579674770273,8.289852290547067
2024-10-25,12.0345716392998,12.422624564796132,8.431511282856345,44.175355284325086,10.486757264558785,12.449179964163845
2024-10-26,41.933096330208116,5.342818368152808,37.351429531665296,8.408066443405094,2.1601247561504433,4.80446457041824
2024-10-27,12.345512485088937,13.70499295770767,8.921295902870433,38.09465251687661,13.067163772099832,13.866382365356515
2024-10-28,47.831492446955934,8.40004701186374,14.635256795325363,18.61021917065529,3.0375088705072963,7.485475704692374
2024-10-29,36.28805275362589,7.140097216287017,36.88917669418155,10.28564535283651,2.960585873034215,6.436442110034809
2024-10-30,10.4236108763716,11.949307935716515,6.328223933008657,49.85920618780271,9.425179775057545,12.014471292042975
2024-10-31,13.117883080215059,11.800175414936367,9.74683272778142,44.33174459655599,9.299215697396699,11.704148483114459
2024-11-01,12.343970176250199,12.27968093394726,8.747406911399176,44.12203094489245,10.230068865470622,12.276842168040291
2024-11-02,11.814773950215404,13.399603211493405,7.443966280181829,42.554670077037144,11.25158888320661,13.535397597865614
2024-11-03,11.625757631144456,10.883302987661748,8.020162274767934,50.406533940355466,8.274050032937263,10.790193133133135
2024-11-04,13.756893966935364,11.121790767479084,10.677276303013816,45.24638636072773,8.259197249360723,10.938455352483277
2024-11-05,29.24461037291178,7.511281940502851,32.85543118713307,20.014143749404425,3.479798764951653,6.894733985096216
2024-11-06,10.808656181663856,10.545061534829596,6.964850952478874,53.37088434920633,7.837901401992353,10.47264557982899
2024-11-07,12.611983824636441,9.260991866519449,8.775089023333573,54.304935490552545,6.0372089777979765,9.009790817160015
2024-11-08,14.712800486789861,10.21017460243019,11.921637356403615,46.30580850686643,6.926506973315591,9.923072074194323
2024-11-09,52.366876361365264,5.281267428083603,23.708635533734768,11.88705986909609,2.0334950912399203,4.7226657164803765
2024-11-10,8.898759830153601,7.081407103855776,5.360336900561358,67.47117578351292,4.314766110461804,6.873554271454525
2024-11-11,59.90311690874929,8.321918224047192,7.9605168447389,14.25872224028128,2.3985851432931264,7.157140638890221
2024-11-12,15.691228797437764,9.190912435946785,12.291377437127156,48.28333650829685,5.699530711993721,8.843614109197716
2024-11-13,14.159841351930593,16.12369524410242,12.226485482940971,21.72115488586544,19.318632496191686,16.450190538968887
2024-11-14,13.976290554265978,7.9992145421077705,8.380072923785528,58.154947826778034,3.9817805996380953,7.507693553424582
2024-11-15,15.701631760276701,18.733521211492462,12.303920852222408,15.6237892894547,18.690539083815956,18.946597802737777
2024-11-16,29.375652531266944,8.273530536029984,23.487084763435714,27.553445456868758,3.7308232759945796,7.579463436404025
2024-11-17,35.21106764337844,13.442928449922608,20.75289112075892,12.530454927766069,5.761968057145484,12.300689801028486
2024-11-18,41.577339768464824,10.086512102259457,24.694083251411357,10.460697987560778,4.073289927344659,9.108076962958904
2024-11-19,11.57931410377944,3.545534496936875,74.44328820731452,5.256612779711118,1.880723335171284,3.2945270770867605
2024-11-20,25.247789633751438,5.425353376253287,49.13482781180779,12.732395215211284,2.50037237543954,4.959261587536666
2024-11-21,21.47055569471139,5.183461755738428,59.26494228448544,6.848510018384032,2.470800146972597,4.761730099708104
2024-11-22,37.842901391503844,4.798148434357625,41.28343205920558,9.705462662533137,2.0248285861642836,4.345226866235532
2024-11-23,33.35214980211036,14.051366175252856,17.99820012524229,15.385351747807618,6.228963942686247,12.98396820690064
2024-11-24,47.00016703519894,6.54414167079488,14.365071346945452,23.711945315098077,2.4987024257849515,5.879972206177683
2024-11-25,39.92326674775871,9.165885126985001,28.83677351215684,9.98132674541987,3.797766006985031,8.29498186069455
2024-11-26,36.95028884975201,10.759584935332768,10.61865510978597,28.062064400348614,3.9027708917221773,9.706635813058462
2024-11-27,12.893946544834902,14.621857747146153,6.659970438861099,41.79349121186577,9.465647362280954,14.56508669501112
2024-11-28,8.885458267906534,2.1580537918502145,82.56583760018952,3.3285977219282934,1.0717927212013316,1.9902598969241003
2024-11-29,22.296758393241202,8.094614542268031,16.979825846683394,41.15903935994347,3.9484293473576413,7.521332510506255
2024-11-30,16.31322236780456,8.862935730647434,13.748091711616677,47.35004514347303,5.26519822460651,8.46050682185178
2024-12-01,15.372242360840463,3.939736280900595,69.10903949969607,6.0726759773422305,1.8933361051925914,3.612969776028064
2024-12-02,26.007048073523354,5.825429549152488,52.926232320404964,7.259654447545729,2.6607628598002293,5.320872749573225
2024-12-03,5.37591802063454,1.2577439417411174,89.50111381849007,2.0871983221520374,0.6196864607976255,1.1583394361846144
2024-12-04,22.7299554825369,8.346047542650513,18.11241716407683,38.87626427142782,4.161002040307707,7.774313499000226
2024-12-05,14.073696014178822,2.900828093083988,75.147708523711,3.9129585008708543,1.3215127344887394,2.643296133666602
2024-12-06,7.844183187413545,1.6654321914399874,85.33236992625856,2.841833790629985,0.7904819231846376,1.525698981073261
2024-12-07,29.26681673364195,6.713917649367652,45.2453275697893,9.485358724295283,3.1246245218514246,6.163954801054378
2024-12-08,5.640382749902743,1.2801410474957435,89.06125190150142,2.215504183242324,0.6252887230340632,1.1774313948237083
2024-12-09,17.01612686276805,3.666219930626692,65.88796114734052,8.260969836554981,1.7886021646131849,3.3801200580965816
2024-12-10,16.477378012431203,8.985092789047657,12.758153379868343,47.777918034961075,5.389352382037875,8.612105401653851
2024-12-11,18.298426313610967,8.50997468199335,15.786332137032916,44.52456871329333,4.811679100597019,8.069019053472426
2024-12-12,18.920908155248572,7.892524098847713,14.524070689196106,47.06000781392614,4.172206363438824,7.430282879342648
2024-12-13,35.22722758218756,4.09403383289872,48.937867279887044,6.373479949885328,1.6823469953802146,3.685044359761147
2024-12-14,11.27927675578692,3.05601334717238,75.39366829125179,5.842487241675323,1.5920159673263914,2.8365383967871787
2024-12-15,16.435182618141443,6.397841938409885,8.828668474120644,59.41400186503438,2.979098018957614,5.945207085336023
2024-12-16,18.906838083891163,20.819454292415205,8.99254750493929,20.099753401640527,10.916039831215048,20.265366885898782
2024-12-17,54.18140200212351,7.148915795893155,19.497979597037222,10.081820327620193,2.6964389693848503,6.393443307941081
2024-12-18,22.84757663456145,3.1190203981723235,64.62392370358685,5.23575632881816,1.3472279936398261,2.826494941221387
2024-12-19,12.212224028526359,3.7636616359022628,72.96622769851261,5.5525270817793055,2.0054143251139007,3.499945230165559
2024-12-20,15.833764238530284,2.391471737354239,73.87426637538833,4.667104652155499,1.0598158737392174,2.17357712283243
2024-12-21,49.2772591663503,5.110852290736563,31.144768198631102,7.878585571242848,2.0102613842649593,4.578273388774249
2024-12-22,12.224016611598122,3.7944248596660435,71.94700745666228,6.442166770613538,2.0556089785041083,3.5367753229559136
2024-12-23,7.220828210512022,1.7736593212997678,85.5345985483021,2.9535277076001623,0.8825487021365562,1.6348375101493975
2024-12-24,18.757201644481068,19.31503711794931,8.049030898508356,26.099519882681726,9.160234679323885,18.618975777055645
2024-12-25,27.878387832519724,19.25691346609999,11.451205714164736,15.951792613327411,7.674023279445322,17.78767709444281
2024-12-26,11.590777668989,6.682100387814606,6.311015071968335,65.57593031949972,3.4879990894662267,6.352177462262111
2024-12-27,19.369540339814396,8.662848414216523,17.8299614937802,41.02393892603872,4.9062905099051095,8.207420316245045
2024-12-28,18.475681660416214,8.78045454998924,16.73156111034495,42.5774362844878,5.088787844035098,8.346078550726693
